{
  "version": 1,
  "speed": 1.5,
  "width": 80,
  "height": 25,
  "duration": 46.161965,
  "command": null,
  "title": "run",
  "env": {
    "TERM": "xterm-256color",
    "SHELL": "/bin/bash"
  },
  "stdout": [
    [
      0.24254,
      "\u001b[?1034h\u001b]2;[bash]   OVO3456MB::demos\u0007\u001b]1;/demos\u0007\u001b[1m\u001b[91mgeorge \u001b[37m@\u001b[38;5;172m demo\u001b[37m\u001b(B\u001b[m\u001b(B\u001b[m\r\r\n$ "
    ],
    [
      0.967379,
      "d"
    ],
    [
      0.215489,
      "o"
    ],
    [
      0.152601,
      "c"
    ],
    [
      0.159562,
      "k"
    ],
    [
      0.152769,
      "e"
    ],
    [
      0.063252,
      "r"
    ],
    [
      0.167835,
      " "
    ],
    [
      0.2567,
      "r"
    ],
    [
      0.14351,
      "u"
    ],
    [
      0.120765,
      "n"
    ],
    [
      0.191869,
      " "
    ],
    [
      0.575999,
      "-"
    ],
    [
      0.167473,
      "-"
    ],
    [
      0.552289,
      "r"
    ],
    [
      0.104156,
      "m"
    ],
    [
      0.184925,
      " "
    ],
    [
      0.630865,
      "-"
    ],
    [
      0.743069,
      "i"
    ],
    [
      0.272368,
      "t"
    ],
    [
      0.352743,
      " "
    ],
    [
      0.464887,
      "bad"
    ],
    [
      5e-05,
      "d967a"
    ],
    [
      4.1e-05,
      "f53"
    ],
    [
      3.1e-05,
      "5"
    ],
    [
      4.205989,
      "\r\n"
    ],
    [
      1.039615,
      "\u001b[1G"
    ],
    [
      0.00046,
      "\u001b[0J"
    ],
    [
      0.000448,
      "> "
    ],
    [
      0.00029,
      "\u001b[3G"
    ],
    [
      6.917457,
      "c"
    ],
    [
      0.234754,
      "o"
    ],
    [
      0.095956,
      "n"
    ],
    [
      0.160079,
      "s"
    ],
    [
      0.135498,
      "o"
    ],
    [
      0.191811,
      "l"
    ],
    [
      0.130108,
      "e"
    ],
    [
      0.127382,
      "."
    ],
    [
      0.214998,
      "l"
    ],
    [
      0.199858,
      "o"
    ],
    [
      0.199472,
      "g"
    ],
    [
      0.408841,
      "("
    ],
    [
      1.079564,
      "'"
    ],
    [
      0.248327,
      "a"
    ],
    [
      0.152084,
      "m"
    ],
    [
      0.07331,
      "a"
    ],
    [
      0.23053,
      "z"
    ],
    [
      0.144729,
      "i"
    ],
    [
      0.111312,
      "n"
    ],
    [
      0.111312,
      "g"
    ],
    [
      0.41628,
      "!"
    ],
    [
      1.473761,
      "'"
    ],
    [
      0.622662,
      ")"
    ],
    [
      1.184371,
      ";"
    ],
    [
      1.119993,
      "\r\r\n"
    ],
    [
      0.004991,
      "amazing!\r\n\u001b[90mundefined\u001b[39m\r\n"
    ],
    [
      0.000153,
      "\u001b[1G"
    ],
    [
      0.000231,
      "\u001b[0J"
    ],
    [
      0.000305,
      "> \u001b[3G"
    ],
    [
      5.346444,
      "p"
    ],
    [
      0.150922,
      "r"
    ],
    [
      0.136198,
      "o"
    ],
    [
      0.160871,
      "c"
    ],
    [
      0.111057,
      "e"
    ],
    [
      0.264037,
      "s"
    ],
    [
      0.208051,
      "s"
    ],
    [
      0.191626,
      "."
    ],
    [
      0.216248,
      "e"
    ],
    [
      0.167633,
      "n"
    ],
    [
      0.128457,
      "v"
    ],
    [
      0.504272,
      "\r\r\n"
    ],
    [
      0.002725,
      "{ PATH: \u001b[32m'/usr/local/sbin:/usr/local/bin:/usr/sbin:/usr/bin:/sbin:/bin'\u001b[39m,\r\n  HOSTNAME: \u001b[32m'f913ac64744b'\u001b[39m,\r\n  TERM: \u001b[32m'xterm'\u001b[39m,\r\n  NPM_CONFIG_LOGLEVEL: \u001b[32m'info'\u001b[39m,\r\n"
    ],
    [
      0.000214,
      "  NODE_VERSION: \u001b[32m'8.7.0'\u001b[39m,\r\n  YARN_VERSION: \u001b[32m'1.2.0'\u001b[39m,\r\n  HOME: \u001b[32m'/root'\u001b[39m }\r\n"
    ],
    [
      0.000298,
      "\u001b[1G\u001b[0J"
    ],
    [
      0.00023,
      "> \u001b[3G"
    ],
    [
      8.370288,
      "\u001b]2;[bash]   OVO3456MB::demos\u0007\u001b]1;/demos\u0007\u001b[1m\u001b[91mgeorge \u001b[37m@\u001b[38;5;172m demo\u001b[37m\u001b(B\u001b[m\u001b(B\u001b[m\r\r\n$ "
    ]
  ]
}
