{
  "version": 1,
  "width": 80,
  "height": 25,
  "duration": 24.35486,
  "command": null,
  "title": "services",
  "idle": 2,
  "speed": 2,
  "env": {
    "TERM": "xterm-256color",
    "SHELL": "/bin/bash"
  },
  "stdout": [
    [
      0.246154,
      "\u001b[?1034h\u001b]2;[bash]   OVO3456MB::5\u0007\u001b]1;/5\u0007\u001b[1m\u001b[91mgeorge \u001b[37m@\u001b[38;5;172m demo\u001b[37m\u001b(B\u001b[m\u001b(B\u001b[m\r\r\n$ "
    ],
    [
      0.896718,
      "k"
    ],
    [
      0.070137,
      "u"
    ],
    [
      0.312747,
      "b"
    ],
    [
      0.111068,
      "e"
    ],
    [
      0.095847,
      "c"
    ],
    [
      0.255957,
      "t"
    ],
    [
      0.280081,
      "l"
    ],
    [
      1.063814,
      " "
    ],
    [
      0.479779,
      "-"
    ],
    [
      0.408487,
      "n"
    ],
    [
      0.144031,
      " "
    ],
    [
      0.231531,
      "d"
    ],
    [
      0.104408,
      "e"
    ],
    [
      0.200066,
      "m"
    ],
    [
      0.160327,
      "o"
    ],
    [
      0.439403,
      " "
    ],
    [
      0.200215,
      "c"
    ],
    [
      0.519841,
      "r"
    ],
    [
      0.128004,
      "e"
    ],
    [
      0.199921,
      "a"
    ],
    [
      0.159982,
      "t"
    ],
    [
      0.143782,
      "e"
    ],
    [
      0.136879,
      " "
    ],
    [
      0.271446,
      "-"
    ],
    [
      0.184766,
      "f"
    ],
    [
      0.151347,
      " "
    ],
    [
      0.30379,
      "s"
    ],
    [
      0.263523,
      "e"
    ],
    [
      0.088309,
      "r"
    ],
    [
      0.35215,
      "v"
    ],
    [
      0.264045,
      "i"
    ],
    [
      0.081,
      "c"
    ],
    [
      0.095448,
      "e"
    ],
    [
      0.199708,
      "."
    ],
    [
      0.367683,
      "y"
    ],
    [
      0.143705,
      "a"
    ],
    [
      0.184579,
      "m"
    ],
    [
      0.079643,
      "l"
    ],
    [
      1.536066,
      "\r\n"
    ],
    [
      0.149404,
      "service \"nodejs\" created\r\n"
    ],
    [
      0.002855,
      "\u001b]2;[bash]   OVO3456MB::5\u0007\u001b]1;/5\u0007\u001b[1m\u001b[91mgeorge \u001b[37m@\u001b[38;5;172m demo\u001b[37m\u001b(B\u001b[m\u001b(B\u001b[m\r\r\n$ "
    ],
    [
      2.103627,
      "k"
    ],
    [
      0.08,
      "u"
    ],
    [
      0.400025,
      "b"
    ],
    [
      0.191907,
      "e"
    ],
    [
      0.17618,
      "c"
    ],
    [
      0.504114,
      "t"
    ],
    [
      0.207869,
      "l"
    ],
    [
      1.063917,
      " "
    ],
    [
      0.384029,
      "-"
    ],
    [
      0.376097,
      "n"
    ],
    [
      0.192597,
      " "
    ],
    [
      0.487567,
      "d"
    ],
    [
      0.111242,
      "e"
    ],
    [
      0.184431,
      "m"
    ],
    [
      0.143934,
      "o"
    ],
    [
      0.295742,
      " "
    ],
    [
      0.512193,
      "g"
    ],
    [
      0.15169,
      "e"
    ],
    [
      0.127759,
      "t"
    ],
    [
      0.192575,
      " "
    ],
    [
      0.240276,
      "s"
    ],
    [
      0.216203,
      "e"
    ],
    [
      0.080719,
      "r"
    ],
    [
      0.158775,
      "v"
    ],
    [
      0.288532,
      "i"
    ],
    [
      0.087203,
      "c"
    ],
    [
      0.088077,
      "e"
    ],
    [
      0.160781,
      " "
    ],
    [
      0.463517,
      "n"
    ],
    [
      0.120548,
      "o"
    ],
    [
      0.127407,
      "d"
    ],
    [
      0.107053,
      "e"
    ],
    [
      0.172792,
      "j"
    ],
    [
      0.167818,
      "s"
    ],
    [
      0.328021,
      " "
    ],
    [
      0.384026,
      "-"
    ],
    [
      0.336196,
      "o"
    ],
    [
      0.11236,
      " "
    ],
    [
      0.239344,
      "w"
    ],
    [
      0.151897,
      "i"
    ],
    [
      0.111871,
      "d"
    ],
    [
      0.096254,
      "e"
    ],
    [
      0.368001,
      "\r\n"
    ],
    [
      0.143705,
      "NAME      CLUSTER-IP   EXTERNAL-IP   PORT(S)    AGE       SELECTOR\r\nnodejs    10.0.0.161   <none>        8080/TCP   13s       app=nodejs\r\n"
    ],
    [
      0.005132,
      "\u001b]2;[bash]   OVO3456MB::5\u0007\u001b]1;/5\u0007\u001b[1m\u001b[91mgeorge \u001b[37m@\u001b[38;5;172m demo\u001b[37m\u001b(B\u001b[m\u001b(B\u001b[m\r\r\n$ "
    ]
  ]
}
