{
  "version": 1,
  "width": 80,
  "height": 25,
  "duration": 97.499656,
  "command": null,
  "title": "ingresses",
  "idle": 2,
  "speed": 2,
  "env": {
    "TERM": "xterm-256color",
    "SHELL": "/bin/bash"
  },
  "stdout": [
    [
      0.277379,
      "\u001b[?1034h\u001b]2;[bash]   OVO3456MB::5\u0007\u001b]1;/5\u0007\u001b[1m\u001b[91mgeorge \u001b[37m@\u001b[38;5;172m demo\u001b[37m\u001b(B\u001b[m\u001b(B\u001b[m\r\r\n$ "
    ],
    [
      1.61981,
      "k"
    ],
    [
      0.071692,
      "u"
    ],
    [
      0.367568,
      "b"
    ],
    [
      0.176533,
      "e"
    ],
    [
      0.103968,
      "c"
    ],
    [
      0.311684,
      "t"
    ],
    [
      0.135678,
      "l"
    ],
    [
      0.5377,
      " "
    ],
    [
      0.470931,
      "-"
    ],
    [
      0.383773,
      "n"
    ],
    [
      0.207592,
      " "
    ],
    [
      0.240479,
      "d"
    ],
    [
      0.104249,
      "e"
    ],
    [
      0.168005,
      "m"
    ],
    [
      0.167826,
      "o"
    ],
    [
      0.511821,
      " "
    ],
    [
      0.223918,
      "c"
    ],
    [
      0.392029,
      "r"
    ],
    [
      0.111732,
      "e"
    ],
    [
      0.159675,
      "a"
    ],
    [
      0.200919,
      "t"
    ],
    [
      0.207237,
      "e"
    ],
    [
      0.552033,
      " "
    ],
    [
      0.464819,
      "-"
    ],
    [
      0.415577,
      "f"
    ],
    [
      1.216981,
      " "
    ],
    [
      0.382576,
      "i"
    ],
    [
      0.152047,
      "n"
    ],
    [
      0.175478,
      "g"
    ],
    [
      0.296748,
      "r"
    ],
    [
      0.095958,
      "e"
    ],
    [
      0.279553,
      "s"
    ],
    [
      0.19213,
      "s"
    ],
    [
      0.448343,
      "."
    ],
    [
      0.440129,
      "y"
    ],
    [
      0.207593,
      "a"
    ],
    [
      0.657386,
      "m"
    ],
    [
      0.110721,
      "l"
    ],
    [
      4.904109,
      "\r\n"
    ],
    [
      0.142243,
      "ingress \"nodejs\" created\r\n"
    ],
    [
      0.002715,
      "\u001b]2;[bash]   OVO3456MB::5\u0007\u001b]1;/5\u0007\u001b[1m\u001b[91mgeorge \u001b[37m@\u001b[38;5;172m demo\u001b[37m\u001b(B\u001b[m\u001b(B\u001b[m\r\r\n$ "
    ],
    [
      1.550982,
      "k"
    ],
    [
      0.071773,
      "u"
    ],
    [
      0.305624,
      "b"
    ],
    [
      0.117923,
      "e"
    ],
    [
      0.082181,
      "c"
    ],
    [
      0.246634,
      "t"
    ],
    [
      0.153187,
      "l"
    ],
    [
      0.438571,
      " "
    ],
    [
      0.37605,
      "-"
    ],
    [
      0.344146,
      "n"
    ],
    [
      0.199443,
      " "
    ],
    [
      0.232303,
      "d"
    ],
    [
      0.103523,
      "e"
    ],
    [
      0.159908,
      "m"
    ],
    [
      0.256179,
      "o"
    ],
    [
      0.400185,
      " "
    ],
    [
      0.335768,
      "g"
    ],
    [
      0.119895,
      "e"
    ],
    [
      0.087918,
      "t"
    ],
    [
      0.106437,
      " "
    ],
    [
      0.26197,
      "i"
    ],
    [
      0.10384,
      "n"
    ],
    [
      0.136163,
      "g"
    ],
    [
      0.280078,
      "r"
    ],
    [
      0.104016,
      "e"
    ],
    [
      0.239828,
      "s"
    ],
    [
      0.176,
      "s"
    ],
    [
      0.159713,
      " "
    ],
    [
      0.240313,
      "n"
    ],
    [
      0.14365,
      "o"
    ],
    [
      0.129092,
      "d"
    ],
    [
      0.078716,
      "e"
    ],
    [
      0.176658,
      "j"
    ],
    [
      0.12826,
      "s"
    ],
    [
      0.848314,
      "\r\n"
    ],
    [
      0.145392,
      "NAME      HOSTS        ADDRESS          PORTS     AGE\r\nnodejs    demo.local   192.168.99.100   80        26s\r\n"
    ],
    [
      0.005991,
      "\u001b]2;[bash]   OVO3456MB::5\u0007\u001b]1;/5\u0007\u001b[1m\u001b[91mgeorge \u001b[37m@\u001b[38;5;172m demo\u001b[37m\u001b(B\u001b[m\u001b(B\u001b[m\r\r\n$ "
    ],
    [
      28.295805,
      "t"
    ],
    [
      0.159619,
      "a"
    ],
    [
      0.080168,
      "i"
    ],
    [
      0.105412,
      "l"
    ],
    [
      0.110453,
      " "
    ],
    [
      0.240204,
      "-"
    ],
    [
      0.303586,
      "n"
    ],
    [
      0.088035,
      " "
    ],
    [
      0.856726,
      "2"
    ],
    [
      0.271526,
      " "
    ],
    [
      0.655801,
      "/"
    ],
    [
      0.519719,
      "e"
    ],
    [
      0.153439,
      "t"
    ],
    [
      0.152164,
      "c"
    ],
    [
      0.270577,
      "/"
    ],
    [
      0.351948,
      "h"
    ],
    [
      0.225029,
      "o"
    ],
    [
      0.206959,
      "s"
    ],
    [
      0.096021,
      "t"
    ],
    [
      0.183991,
      "s"
    ],
    [
      0.664324,
      "\r\n"
    ],
    [
      0.003096,
      "# k8s demo talk\r\n192.168.99.100 demo.local\r\n"
    ],
    [
      0.000495,
      "\u001b]2;[bash]   OVO3456MB::5\u0007\u001b]1;/5\u0007\u001b[1m\u001b[91mgeorge \u001b[37m@\u001b[38;5;172m demo\u001b[37m\u001b(B\u001b[m\u001b(B\u001b[m\r\r\n$ "
    ],
    [
      6.156097,
      "c"
    ],
    [
      0.376614,
      "u"
    ],
    [
      0.239394,
      "r"
    ],
    [
      0.255753,
      "l"
    ],
    [
      0.20009,
      " "
    ],
    [
      0.287998,
      "-"
    ],
    [
      0.424458,
      "i"
    ],
    [
      0.847462,
      " "
    ],
    [
      0.607779,
      "d"
    ],
    [
      0.120761,
      "e"
    ],
    [
      0.143676,
      "m"
    ],
    [
      0.183825,
      "o"
    ],
    [
      0.927746,
      "."
    ],
    [
      0.287787,
      "l"
    ],
    [
      0.232121,
      "o"
    ],
    [
      0.146455,
      "c"
    ],
    [
      0.085319,
      "a"
    ],
    [
      0.136612,
      "l"
    ],
    [
      1.527951,
      "\r\n"
    ],
    [
      1.03223,
      "HTTP/1.1 200 OK\r\r\nServer: nginx/1.13.3\r\r\nDate: Tue, 24 Oct 2017 20:26:03 GMT\r\r\nContent-Type: text/html; charset=utf-8\r\r\nContent-Length: 12\r\r\nConnection: keep-alive\r\r\nX-Powered-By: Express\r\r\nETag: W/\"c-M6tWOb/Y57lesdjQuHeB1P/qTV0\"\r\r\n\r\r\nHello world\r\n"
    ],
    [
      0.003705,
      "\u001b]2;[bash]   OVO3456MB::5\u0007\u001b]1;/5\u0007\u001b[1m\u001b[91mgeorge \u001b[37m@\u001b[38;5;172m demo\u001b[37m\u001b(B\u001b[m\u001b(B\u001b[m\r\r\n$ "
    ]
  ]
}
