{
  "version": 1,
  "width": 80,
  "height": 25,
  "duration": 127.394689,
  "command": null,
  "title": "deployments",
  "idle": 2,
  "speed": 2,
  "env": {
    "TERM": "xterm-256color",
    "SHELL": "/bin/bash"
  },
  "stdout": [
    [
      0.250028,
      "\u001b[?1034h\u001b]2;[bash]   OVO3456MB::5\u0007\u001b]1;/5\u0007\u001b[1m\u001b[91mgeorge \u001b[37m@\u001b[38;5;172m demo\u001b[37m\u001b(B\u001b[m\u001b(B\u001b[m\r\r\n$ "
    ],
    [
      4.665403,
      "k"
    ],
    [
      0.080039,
      "u"
    ],
    [
      0.335326,
      "b"
    ],
    [
      0.184477,
      "e"
    ],
    [
      0.073274,
      "c"
    ],
    [
      0.238358,
      "t"
    ],
    [
      0.120188,
      "l"
    ],
    [
      0.793079,
      " "
    ],
    [
      0.390902,
      "-"
    ],
    [
      0.335944,
      "n"
    ],
    [
      0.128041,
      " "
    ],
    [
      0.376489,
      "d"
    ],
    [
      0.111503,
      "e"
    ],
    [
      0.256149,
      "m"
    ],
    [
      0.127607,
      "o"
    ],
    [
      0.584313,
      " "
    ],
    [
      0.183773,
      "d"
    ],
    [
      0.136819,
      "e"
    ],
    [
      0.151867,
      "l"
    ],
    [
      0.111625,
      "e"
    ],
    [
      0.160654,
      "t"
    ],
    [
      0.167299,
      "e"
    ],
    [
      0.959424,
      " "
    ],
    [
      0.344297,
      "r"
    ],
    [
      0.120484,
      "e"
    ],
    [
      0.271321,
      "p"
    ],
    [
      0.224332,
      "l"
    ],
    [
      0.247586,
      "i"
    ],
    [
      0.178177,
      "c"
    ],
    [
      0.182228,
      "a"
    ],
    [
      0.695675,
      "s"
    ],
    [
      0.256549,
      "e"
    ],
    [
      0.119776,
      "t"
    ],
    [
      0.279731,
      " "
    ],
    [
      0.232007,
      "n"
    ],
    [
      0.120082,
      "o"
    ],
    [
      0.14424,
      "d"
    ],
    [
      0.087561,
      "e"
    ],
    [
      0.152311,
      "j"
    ],
    [
      0.129842,
      "s"
    ],
    [
      1.709789,
      "\r\n"
    ],
    [
      2.176918,
      "replicaset \"nodejs\" deleted\r\n"
    ],
    [
      0.002657,
      "\u001b]2;[bash]   OVO3456MB::5\u0007\u001b]1;/5\u0007\u001b[1m\u001b[91mgeorge \u001b[37m@\u001b[38;5;172m demo\u001b[37m\u001b(B\u001b[m\u001b(B\u001b[m\r\r\n$ "
    ],
    [
      1.724207,
      "k"
    ],
    [
      0.088209,
      "u"
    ],
    [
      0.312741,
      "b"
    ],
    [
      0.137646,
      "e"
    ],
    [
      0.085678,
      "c"
    ],
    [
      0.279939,
      "t"
    ],
    [
      0.135765,
      "l"
    ],
    [
      0.863983,
      " "
    ],
    [
      0.336352,
      "-"
    ],
    [
      0.383906,
      "n"
    ],
    [
      0.855886,
      " "
    ],
    [
      0.312312,
      "d"
    ],
    [
      0.103694,
      "e"
    ],
    [
      0.160038,
      "m"
    ],
    [
      0.119976,
      "o"
    ],
    [
      0.263558,
      " "
    ],
    [
      0.160667,
      "c"
    ],
    [
      0.319955,
      "r"
    ],
    [
      0.160147,
      "e"
    ],
    [
      0.129061,
      "a"
    ],
    [
      0.126641,
      "t"
    ],
    [
      0.169437,
      "e"
    ],
    [
      0.190829,
      " "
    ],
    [
      0.415784,
      "-"
    ],
    [
      0.663736,
      "f"
    ],
    [
      0.504543,
      " "
    ],
    [
      0.393494,
      "d"
    ],
    [
      0.118176,
      "e"
    ],
    [
      0.119328,
      "p"
    ],
    [
      0.136509,
      "l"
    ],
    [
      0.400135,
      "o"
    ],
    [
      0.1835,
      "y"
    ],
    [
      0.216293,
      "m"
    ],
    [
      0.120103,
      "e"
    ],
    [
      0.111765,
      "n"
    ],
    [
      0.135808,
      "t"
    ],
    [
      0.832009,
      "."
    ],
    [
      0.409708,
      "y"
    ],
    [
      0.1907,
      "a"
    ],
    [
      0.192952,
      "m"
    ],
    [
      0.094761,
      "l"
    ],
    [
      2.63213,
      "\r\n"
    ],
    [
      0.156727,
      "deployment \"nodejs\" created\r\n"
    ],
    [
      0.004955,
      "\u001b]2;[bash]   OVO3456MB::5\u0007\u001b]1;/5\u0007\u001b[1m\u001b[91mgeorge \u001b[37m@\u001b[38;5;172m demo\u001b[37m\u001b(B\u001b[m\u001b(B\u001b[m\r\r\n$ "
    ],
    [
      2.398923,
      "k"
    ],
    [
      0.079252,
      "u"
    ],
    [
      0.352015,
      "b"
    ],
    [
      0.111933,
      "e"
    ],
    [
      0.104003,
      "c"
    ],
    [
      0.247631,
      "t"
    ],
    [
      0.137658,
      "l"
    ],
    [
      0.735104,
      " "
    ],
    [
      0.495872,
      "-"
    ],
    [
      0.407471,
      "n"
    ],
    [
      0.256164,
      " "
    ],
    [
      0.495961,
      "d"
    ],
    [
      0.329187,
      "e"
    ],
    [
      0.718503,
      "m"
    ],
    [
      0.146441,
      "o"
    ],
    [
      1.261682,
      " "
    ],
    [
      0.647839,
      "g"
    ],
    [
      0.280283,
      "e"
    ],
    [
      0.12774,
      "t"
    ],
    [
      0.208374,
      " "
    ],
    [
      0.241013,
      "d"
    ],
    [
      0.086574,
      "e"
    ],
    [
      0.135807,
      "p"
    ],
    [
      0.240148,
      "l"
    ],
    [
      0.352066,
      "o"
    ],
    [
      0.16919,
      "y"
    ],
    [
      0.246604,
      "m"
    ],
    [
      0.137834,
      "e"
    ],
    [
      0.102165,
      "n"
    ],
    [
      0.128469,
      "t"
    ],
    [
      0.288673,
      " "
    ],
    [
      0.335098,
      "n"
    ],
    [
      0.129314,
      "o"
    ],
    [
      0.158898,
      "d"
    ],
    [
      0.10404,
      "e"
    ],
    [
      0.136346,
      "j"
    ],
    [
      0.136564,
      "s"
    ],
    [
      0.519056,
      "\r\n"
    ],
    [
      0.124847,
      "NAME      DESIRED   CURRENT   UP-TO-DATE   AVAILABLE   AGE\r\nnodejs    1         1         1            1           14s\r\n"
    ],
    [
      0.004437,
      "\u001b]2;[bash]   OVO3456MB::5\u0007\u001b]1;/5\u0007\u001b[1m\u001b[91mgeorge \u001b[37m@\u001b[38;5;172m demo\u001b[37m\u001b(B\u001b[m\u001b(B\u001b[m\r\r\n$ "
    ],
    [
      2.438912,
      "k"
    ],
    [
      0.095561,
      "u"
    ],
    [
      0.272042,
      "b"
    ],
    [
      0.159885,
      "e"
    ],
    [
      0.088066,
      "c"
    ],
    [
      0.216192,
      "t"
    ],
    [
      0.103492,
      "l"
    ],
    [
      0.840435,
      " "
    ],
    [
      0.368267,
      "-"
    ],
    [
      0.327563,
      "n"
    ],
    [
      0.152072,
      " "
    ],
    [
      0.208477,
      "d"
    ],
    [
      0.07111,
      "e"
    ],
    [
      0.152471,
      "m"
    ],
    [
      0.135889,
      "o"
    ],
    [
      0.423863,
      " "
    ],
    [
      0.456364,
      "g"
    ],
    [
      0.127619,
      "e"
    ],
    [
      0.08051,
      "t"
    ],
    [
      0.200133,
      " "
    ],
    [
      0.23297,
      "r"
    ],
    [
      0.126069,
      "e"
    ],
    [
      0.184437,
      "p"
    ],
    [
      0.223623,
      "l"
    ],
    [
      0.384423,
      "i"
    ],
    [
      0.264974,
      "c"
    ],
    [
      0.176721,
      "a"
    ],
    [
      0.294097,
      "s"
    ],
    [
      0.223731,
      "e"
    ],
    [
      0.104957,
      "t"
    ],
    [
      0.255408,
      "s"
    ],
    [
      0.335647,
      "\r\n"
    ],
    [
      0.176155,
      "NAME                DESIRED   CURRENT   READY     AGE\r\nnodejs-3216280352   1         1         1         23s\r\n"
    ],
    [
      0.002651,
      "\u001b]2;[bash]   OVO3456MB::5\u0007\u001b]1;/5\u0007\u001b[1m\u001b[91mgeorge \u001b[37m@\u001b[38;5;172m demo\u001b[37m\u001b(B\u001b[m\u001b(B\u001b[m\r\r\n$ "
    ],
    [
      2.253245,
      "k"
    ],
    [
      0.104225,
      "u"
    ],
    [
      0.343978,
      "b"
    ],
    [
      0.135932,
      "e"
    ],
    [
      0.096085,
      "c"
    ],
    [
      0.208009,
      "t"
    ],
    [
      0.13601,
      "l"
    ],
    [
      0.239416,
      " "
    ],
    [
      0.208571,
