{
  "version": 1,
  "width": 80,
  "height": 25,
  "duration": 41.470153,
  "command": null,
  "idle": 2,
  "speed": 2,
  "title": "pods",
  "env": {
    "TERM": "xterm-256color",
    "SHELL": "/bin/bash"
  },
  "stdout": [
    [
      0.237407,
      "\u001b[?1034h\u001b]2;[bash]   OVO3456MB::5\u0007\u001b]1;/5\u0007\u001b[1m\u001b[91mgeorge \u001b[37m@\u001b[38;5;172m demo\u001b[37m\u001b(B\u001b[m\u001b(B\u001b[m\r\r\n$ "
    ],
    [
      0.89697,
      "k"
    ],
    [
      0.095632,
      "u"
    ],
    [
      0.264221,
      "b"
    ],
    [
      0.112311,
      "e"
    ],
    [
      0.104072,
      "c"
    ],
    [
      0.256034,
      "t"
    ],
    [
      0.232264,
      "l"
    ],
    [
      0.319647,
      " "
    ],
    [
      0.200002,
      "c"
    ],
    [
      0.247868,
      "r"
    ],
    [
      0.127853,
      "e"
    ],
    [
      0.144324,
      "a"
    ],
    [
      0.159453,
      "t"
    ],
    [
      0.136152,
      "e"
    ],
    [
      0.376069,
      " "
    ],
    [
      0.248039,
      "n"
    ],
    [
      0.127504,
      "a"
    ],
    [
      0.144575,
      "m"
    ],
    [
      0.088,
      "e"
    ],
    [
      0.304354,
      "s"
    ],
    [
      0.287252,
      "p"
    ],
    [
      0.080311,
      "a"
    ],
    [
      0.096083,
      "c"
    ],
    [
      0.10557,
      "e"
    ],
    [
      0.133938,
      " "
    ],
    [
      0.144248,
      "d"
    ],
    [
      0.103645,
      "e"
    ],
    [
      0.192487,
      "m"
    ],
    [
      0.111942,
      "o"
    ],
    [
      1.799994,
      "\r\n"
    ],
    [
      0.138014,
      "namespace \"demo\" created\r\n"
    ],
    [
      0.003115,
      "\u001b]2;[bash]   OVO3456MB::5\u0007\u001b]1;/5\u0007\u001b[1m\u001b[91mgeorge \u001b[37m@\u001b[38;5;172m demo\u001b[37m\u001b(B\u001b[m\u001b(B\u001b[m\r\r\n$ "
    ],
    [
      3.562469,
      "k"
    ],
    [
      0.103921,
      "u"
    ],
    [
      0.328309,
      "b"
    ],
    [
      0.177989,
      "e"
    ],
    [
      0.078265,
      "c"
    ],
    [
      0.287875,
      "t"
    ],
    [
      0.167733,
      "l"
    ],
    [
      0.551725,
      " "
    ],
    [
      0.504415,
      "-"
    ],
    [
      0.431787,
      "n"
    ],
    [
      0.24774,
      " "
    ],
    [
      0.255878,
      "d"
    ],
    [
      0.14461,
      "e"
    ],
    [
      0.280187,
      "m"
    ],
    [
      0.201474,
      "o"
    ],
    [
      0.23793,
      " "
    ],
    [
      0.216186,
      "c"
    ],
    [
      0.303825,
      "r"
    ],
    [
      0.119742,
      "e"
    ],
    [
      0.18462,
      "a"
    ],
    [
      0.192056,
      "t"
    ],
    [
      0.183833,
      "e"
    ],
    [
      0.415934,
      " "
    ],
    [
      0.376166,
      "-"
    ],
    [
      0.296144,
      "f"
    ],
    [
      0.159396,
      " "
    ],
    [
      0.407855,
      "p"
    ],
    [
      0.168414,
      "o"
    ],
    [
      0.191748,
      "d"
    ],
    [
      0.352094,
      "."
    ],
    [
      1.16113,
      "y"
    ],
    [
      0.335559,
      "a"
    ],
    [
      0.417425,
      "m"
    ],
    [
      0.070108,
      "l"
    ],
    [
      0.983352,
      "\r\n"
    ],
    [
      0.18456,
      "pod \"nodejs\" created\r\n"
    ],
    [
      0.003589,
      "\u001b]2;[bash]   OVO3456MB::5\u0007\u001b]1;/5\u0007\u001b[1m\u001b[91mgeorge \u001b[37m@\u001b[38;5;172m demo\u001b[37m\u001b(B\u001b[m\u001b(B\u001b[m\r\r\n$ "
    ],
    [
      2.428218,
      "k"
    ],
    [
      0.087739,
      "u"
    ],
    [
      0.311957,
      "b"
    ],
    [
      0.650899,
      "e"
    ],
    [
      0.000685,
      "c"
    ],
    [
      0.00085,
      "t"
    ],
    [
      0.051393,
      "l"
    ],
    [
      0.464237,
      " "
    ],
    [
      0.375975,
      "-"
    ],
    [
      0.368557,
      "n"
    ],
    [
      0.200219,
      " "
    ],
    [
      0.263494,
      "d"
    ],
    [
      0.096065,
      "e"
    ],
    [
      0.199539,
      "m"
    ],
    [
      0.112089,
      "o"
    ],
    [
      0.528549,
      " "
    ],
    [
      0.423717,
      "g"
    ],
    [
      0.295634,
      "e"
    ],
    [
      0.112585,
      "t"
    ],
    [
      0.183863,
      " "
    ],
    [
      0.503854,
      "p"
    ],
    [
      0.079898,
      "o"
    ],
    [
      0.191534,
      "d"
    ],
    [
      0.256316,
      " "
    ],
    [
      1.495953,
      "n"
    ],
    [
      0.128261,
      "o"
    ],
    [
      0.127962,
      "d"
    ],
    [
      0.105888,
      "e"
    ],
    [
      0.60614,
      "j"
    ],
    [
      0.208358,
      "s"
    ],
    [
      1.007595,
      " "
    ],
    [
      0.824231,
      "-"
    ],
    [
      0.447415,
      "o"
    ],
    [
      0.248221,
      " "
    ],
    [
      0.336157,
      "w"
    ],
    [
      0.223403,
      "i"
    ],
    [
      0.152175,
      "d"
    ],
    [
      0.10404,
      "e"
    ],
    [
      4.807855,
      "\r\n"
    ],
    [
      0.145282,
      "NAME      READY     STATUS    RESTARTS   AGE       IP            NODE\r\nnodejs    1/1       Running   0          19s       172.17.0.18   minikube\r\n"
    ],
    [
      0.00411,
      "\u001b]2;[bash]   OVO3456MB::5\u0007\u001b]1;/5\u0007\u001b[1m\u001b[91mgeorge \u001b[37m@\u001b[38;5;172m demo\u001b[37m\u001b(B\u001b[m\u001b(B\u001b[m\r\r\n$ "
    ]
  ]
}
