{
  "version": 1,
  "width": 80,
  "height": 25,
  "duration": 101.692807,
  "command": null,
  "title": "replica sets",
  "idle": 2,
  "speed": 2,
  "env": {
    "TERM": "xterm-256color",
    "SHELL": "/bin/bash"
  },
  "stdout": [
    [
      0.257707,
      "\u001b[?1034h\u001b]2;[bash]   OVO3456MB::5\u0007\u001b]1;/5\u0007\u001b[1m\u001b[91mgeorge \u001b[37m@\u001b[38;5;172m demo\u001b[37m\u001b(B\u001b[m\u001b(B\u001b[m\r\r\n$ "
    ],
    [
      2.484275,
      "k"
    ],
    [
      0.088552,
      "u"
    ],
    [
      0.287988,
      "b"
    ],
    [
      0.135655,
      "e"
    ],
    [
      0.088104,
      "c"
    ],
    [
      0.239885,
      "t"
    ],
    [
      0.129169,
      "l"
    ],
    [
      0.862676,
      " "
    ],
    [
      0.39222,
      "-"
    ],
    [
      0.431653,
      "n"
    ],
    [
      0.287761,
      " "
    ],
    [
      0.578612,
      "d"
    ],
    [
      0.069553,
      "e"
    ],
    [
      0.16012,
      "m"
    ],
    [
      0.12015,
      "o"
    ],
    [
      0.207937,
      " "
    ],
    [
      0.232044,
      "d"
    ],
    [
      0.111905,
      "e"
    ],
    [
      0.249924,
      "l"
    ],
    [
      0.133895,
      "e"
    ],
    [
      0.120278,
      "t"
    ],
    [
      0.111588,
      "e"
    ],
    [
      0.153132,
      " "
    ],
    [
      0.206809,
      "p"
    ],
    [
      0.096001,
      "o"
    ],
    [
      0.152272,
      "d"
    ],
    [
      0.143734,
      " "
    ],
    [
      0.255992,
      "n"
    ],
    [
      0.136062,
      "o"
    ],
    [
      0.137143,
      "d"
    ],
    [
      0.088487,
      "e"
    ],
    [
      0.314901,
      "j"
    ],
    [
      0.123757,
      "s"
    ],
    [
      0.457214,
      "\r\n"
    ],
    [
      0.14472,
      "pod \"nodejs\" deleted\r\n"
    ],
    [
      0.003188,
      "\u001b]2;[bash]   OVO3456MB::5\u0007\u001b]1;/5\u0007\u001b[1m\u001b[91mgeorge \u001b[37m@\u001b[38;5;172m demo\u001b[37m\u001b(B\u001b[m\u001b(B\u001b[m\r\r\n$ "
    ],
    [
      2.610788,
      "k"
    ],
    [
      0.128032,
      "u"
    ],
    [
      0.311986,
      "b"
    ],
    [
      0.127759,
      "e"
    ],
    [
      0.095908,
      "c"
    ],
    [
      0.271961,
      "t"
    ],
    [
      0.177237,
      "l"
    ],
    [
      0.590844,
      " "
    ],
    [
      0.360172,
      "-"
    ],
    [
      0.375986,
      "n"
    ],
    [
      0.104709,
      " "
    ],
    [
      0.263227,
      "d"
    ],
    [
      0.120112,
      "e"
    ],
    [
      0.176535,
      "m"
    ],
    [
      0.159171,
      "o"
    ],
    [
      0.871834,
      " "
    ],
    [
      0.472463,
      "c"
    ],
    [
      0.279993,
      "r"
    ],
    [
      0.135694,
      "e"
    ],
    [
      0.152008,
      "a"
    ],
    [
      0.111857,
      "t"
    ],
    [
      0.111947,
      "e"
    ],
    [
      0.161142,
      " "
    ],
    [
      0.263299,
      "-"
    ],
    [
      0.192142,
      "f"
    ],
    [
      0.183513,
      " "
    ],
    [
      0.216071,
      "r"
    ],
    [
      0.119973,
      "e"
    ],
    [
      0.320396,
      "p"
    ],
    [
      0.231249,
      "l"
    ],
    [
      0.256289,
      "i"
    ],
    [
      1.143881,
      "c"
    ],
    [
      0.17628,
      "a"
    ],
    [
      0.335593,
      "s"
    ],
    [
      0.320152,
      "e"
    ],
    [
      0.104191,
      "t"
    ],
    [
      0.584211,
      "."
    ],
    [
      0.431848,
      "y"
    ],
    [
      0.207921,
      "a"
    ],
    [
      0.376187,
      "m"
    ],
    [
      0.095797,
      "l"
    ],
    [
      1.928208,
      "\r\n"
    ],
    [
      0.153964,
      "replicaset \"nodejs\" created\r\n"
    ],
    [
      0.002735,
      "\u001b]2;[bash]   OVO3456MB::5\u0007\u001b]1;/5\u0007\u001b[1m\u001b[91mgeorge \u001b[37m@\u001b[38;5;172m demo\u001b[37m\u001b(B\u001b[m\u001b(B\u001b[m\r\r\n$ "
    ],
    [
      2.1066,
      "k"
    ],
    [
      0.079901,
      "u"
    ],
    [
      0.289568,
      "b"
    ],
    [
      0.135051,
      "e"
    ],
    [
      0.087816,
      "c"
    ],
    [
      0.247907,
      "t"
    ],
    [
      0.12813,
      "l"
    ],
    [
      0.831871,
      " "
    ],
    [
      0.367863,
      "-"
    ],
    [
      0.34415,
      "n"
    ],
    [
      0.136093,
      " "
    ],
    [
      0.311552,
      "d"
    ],
    [
      0.145594,
      "e"
    ],
    [
      0.222591,
      "m"
    ],
    [
      0.151955,
      "o"
    ],
    [
      0.336186,
      " "
    ],
    [
      0.776056,
      "g"
    ],
    [
      0.14419,
      "e"
    ],
    [
      0.079589,
      "t"
    ],
    [
      0.159766,
      " "
    ],
    [
      0.352186,
      "r"
    ],
    [
      0.128546,
      "e"
    ],
    [
      0.095682,
      "p"
    ],
    [
      0.208012,
      "l"
    ],
    [
      0.231901,
      "i"
    ],
    [
      0.143911,
      "c"
    ],
    [
      0.136604,
      "a"
    ],
    [
      0.439605,
      "s"
    ],
    [
      0.231576,
      "e"
    ],
    [
      0.120056,
      "t"
    ],
    [
      0.280207,
      " "
    ],
    [
      0.311963,
      "n"
    ],
    [
      0.119801,
      "o"
    ],
    [
      0.16026,
      "d"
    ],
    [
      0.09568,
      "e"
    ],
    [
      0.127737,
      "j"
    ],
    [
      0.176134,
      "s"
    ],
    [
      0.704824,
      "\r\n"
    ],
    [
      0.120906,
      "NAME      DESIRED   CURRENT   READY     AGE\r\nnodejs    1         1         1         11s\r\n"
    ],
    [
      0.002552,
      "\u001b]2;[bash]   OVO3456MB::5\u0007\u001b]1;/5\u0007\u001b[1m\u001b[91mgeorge \u001b[37m@\u001b[38;5;172m demo\u001b[37m\u001b(B\u001b[m\u001b(B\u001b[m\r\r\n$ "
    ],
    [
      2.365507,
      "k"
    ],
    [
      0.0786,
      "u"
    ],
    [
      0.311982,
      "b"
    ],
    [
      0.151965,
      "e"
    ],
    [
      0.071706,
      "c"
    ],
    [
      0.248705,
      "t"
    ],
    [
      0.136287,
      "l"
    ],
    [
      0.415118,
      " "
    ],
    [
      0.327813,
      "-"
    ],
    [
      0.327979,
      "n"
    ],
    [
      0.104184,
      " "
    ],
    [
      0.200176,
      "d"
    ],
    [
      0.088461,
      "e"
    ],
    [
      0.135592,
      "m"
    ],
    [
      0.120654,
      "o"
    ],
    [
      0.361827,
      " "
    ],
    [
      0.445445,
      "g"
    ],
    [
      0.11177,
      "e"
    ],
    [
      0.063761,
      "t"
    ],
    [
      0.096437,
      " "
    ],
    [
      0.215889,
      "p"
    ],
    [
      0.071925,
      "o"
    ],
    [
      0.144518,
      "d"
    ],
    [
      0.143566,
      "s"
    ],
    [
      2.79229,
      "\r\n"
    ],
    [
      0.11871,
      "NAME           READY     STATUS    RESTARTS   AGE\r\nnodejs-hkr1v   1/1       Running   0          21s\r\n"
    ],
    [
      0.00241,
      "\u001b]2;[bash]   OVO3456MB::5\u0007\u001b]1;/5\u0007\u001b[1m\u001b[91mgeorge \u001b[37m@\u001b[38;5;172m demo\u001b[37m\u001b(B\u001b[m\u001b(B\u001b[m\r\r\n$ "
    ],
    [
      5.613826,
      "k"
    ],
    [
      0.144389,
      "u"
    ],
    [
      0.575741,
      "b"
    ],
    [
      0.184254,
      "e"
    ],
    [
      0.09617,
      "c"
    ],
    [
      0.287739,
      "t"
    ],
    [
      0.144443,
      "l"
    ],
    [
      0.816041,
      " "
    ],
    [
      0.384945,
      "-"
    ],
    [
      0.422628,
      "n"
    ],
    [
      0.256116,
      " "
    ],
    [
      0.759429,
      "d"
    ],
    [
      0.088676,
      "e"
    ],
    [
      0.119471,
      "m"
    ],
    [
      0.1118,
      "o"
    ],
    [
      0.29641,
      " "
    ],
    [
      0.367711,
      "d"
    ],
    [
      0.135845,
      "e"
    ],
    [
      0.242438,
      "l"
    ],
    [
      0.12601,
      "e"
    ],
    [
      0.10385,
      "t"
    ],
    [
      0.144045,
      "e"
    ],
    [
      0.240765,
      " "
    ],
    [
      0.47927,
      "p"
    ],
