{
  "version": 1,
  "width": 80,
  "height": 25,
  "duration": 9.377619,
  "command": null,
  "speed": 1.5,
  "title": "build, new layer",
  "env": {
    "TERM": "xterm-256color",
    "SHELL": "/bin/bash"
  },
  "stdout": [
    [
      0.348033,
      "\u001b[?1034h\u001b]2;[bash]   OVO3456MB::demos\u0007\u001b]1;/demos\u0007\u001b[1m\u001b[91mgeorge \u001b[37m@\u001b[38;5;172m demo\u001b[37m\u001b(B\u001b[m\u001b(B\u001b[m\r\r\n$ "
    ],
    [
      0.999205,
      "d"
    ],
    [
      0.228119,
      "o"
    ],
    [
      0.170956,
      "c"
    ],
    [
      0.119623,
      "k"
    ],
    [
      0.191814,
      "e"
    ],
    [
      0.057161,
      "r"
    ],
    [
      0.1788,
      " "
    ],
    [
      0.228471,
      "b"
    ],
    [
      0.223653,
      "u"
    ],
    [
      0.369036,
      "i"
    ],
    [
      0.383489,
      "l"
    ],
    [
      0.167789,
      "d"
    ],
    [
      0.297006,
      " "
    ],
    [
      0.425162,
      "."
    ],
    [
      1.710551,
      "\r\n"
    ],
    [
      0.893117,
      "Sending build context to Docker daemon  557.1kB\r"
    ],
    [
      0.100698,
      "Sending build context to Docker daemon  1.979MB\r\r\r\n"
    ],
    [
      0.072252,
      "Step 1/2 : FROM node:8\r\n"
    ],
    [
      0.000393,
      " ---> badd967af535\r\nStep 2/2 : RUN echo 'hello world!'\r\n"
    ],
    [
      0.326556,
      " ---> Running in f95d14feb61c\r\n"
    ],
    [
      0.647133,
      "hello world!\r\n"
    ],
    [
      1.154405,
      " ---> 14bb3f4cc098\r\n"
    ],
    [
      0.067528,
      "Removing intermediate container f95d14feb61c\r\n"
    ],
    [
      0.009516,
      "Successfully built 14bb3f4cc098\r\n"
    ],
    [
      0.003923,
      "\u001b]2;[bash]   OVO3456MB::demos\u0007\u001b]1;/demos\u0007\u001b[1m\u001b[91mgeorge \u001b[37m@\u001b[38;5;172m demo\u001b[37m\u001b(B\u001b[m\u001b(B\u001b[m\r\r\n"
    ],
    [
      6.1e-05,
      "$ "
    ]
  ]
}
